,mean_r,mean_g,mean_b,std_r,std_g,std_b,mean_h,mean_s,mean_v,std_h,std_s,std_v,varieties
0,204.48135734175222,200.43706202522063,194.5800525659869,27.480547109024876,24.20474258224032,29.387556560694712,41.60459537770236,14.395938213934192,205.34765057439216,55.99761727453203,8.720536173537875,26.020150228688145,6
1,202.75170827948847,202.71035416423345,196.44376963061478,26.609063485476234,23.104662296939754,28.766697137699467,44.97229579451165,10.925271484887645,204.37666165579722,50.14146966143509,10.600669523285218,24.016574888976933,6
2,213.2939949363031,207.44478516852695,203.3391274513978,25.583459836781657,23.20914357957278,26.614441696331113,40.69954772321462,12.977249676319078,213.69889660491896,59.6802757837866,7.505850866387579,24.848331255126528,6
3,200.1691687465653,199.10870952784393,193.80775153416377,32.37817859605389,28.27324482436488,33.56937859892616,62.67098484154607,12.230090217988643,202.23859967484887,62.783062378561795,8.170988207009774,30.00916675895621,6
4,207.92299402566442,208.29202581319362,202.4785020074711,28.685612643828392,24.515112480775166,29.81983406476879,51.149265862468724,10.267587823458657,210.02283600421632,53.03602297236294,8.876729180431642,25.390765915963875,6
5,213.99986005997894,211.87128447040024,206.57232376913802,24.940078020190146,21.43241494867622,25.978221653766813,44.66664497053937,11.032397742084033,215.1832042684961,55.81439102453326,6.777050786387577,22.746091378174928,6
6,214.45798902176125,212.5750874950421,207.24078347879876,24.642143341737437,21.870083772200562,25.77147043522628,32.25619863583772,9.974685521343035,215.23701857176033,41.69124388758539,5.8494442059037315,23.251592522154542,6
7,214.04216775058234,212.63164831882057,209.49307666533448,27.055549847602965,23.695793392491044,27.037462464184134,54.189881031677785,7.561306834925902,215.26439064562618,61.16091419483879,4.862694791908441,25.234717610340557,6
8,217.10080535809672,212.06974565476435,208.73653969949734,27.001884628070453,24.57267729237628,28.12735398512377,49.30689622111736,11.087303283066936,217.5739614578625,65.60934123638862,6.5657617724520065,26.050246702810334,6
9,210.16681627789154,206.25181210352432,201.7459929642289,26.848155708654215,23.36622680189558,28.468863019040384,56.306220163977706,12.491266652871037,211.1442946746491,65.36204900548753,7.87951916558494,25.01544240610189,6
10,214.27165343672638,210.5615951728515,205.50299741617613,28.049272127216806,24.45270259609018,28.924399276669178,32.37845800759807,12.234216565950677,215.24537603811666,47.56479953207248,6.626196835606582,26.199149431729126,6
11,204.50505141446035,204.53341618381876,198.32403489366627,31.366445188813323,27.35366824545184,33.83443750619972,67.24597430241606,11.854145632503972,206.60547199053383,61.970525489122366,10.438374505515691,28.518675788676504,6
12,212.27394518053816,207.08313713558533,203.3920477732461,25.633970723174265,23.85914305603796,27.121068149513302,41.1925720136288,11.635850942835825,212.5777220777402,59.769532924546766,6.374697982532321,25.02929452171567,6
13,207.61141902920355,203.7048171128003,199.55327296972536,27.71887016914819,24.677634949578056,29.024659293971112,48.49259852818292,11.786248777186163,208.3852627216371,62.84755681179598,6.859113305783672,26.166495985541694,6
14,212.27877510377738,206.14440248807045,202.37465763167765,28.893719638275527,25.547299196556388,29.283031784712428,42.32073478255247,13.253037023626323,212.88181148081574,61.440794189828324,6.013820095307059,27.794999487433998,6
15,204.12712732725228,204.36284628558408,198.8250832408435,28.827507179812727,23.95108187181617,28.82945886363402,51.196523362562566,10.477831107452353,206.49677547390317,53.915831950737896,7.92718064105488,25.27243439042002,6
16,207.43326347023682,206.92819282760087,201.53025272077443,26.378566392257248,23.181715516715506,27.963738201412234,50.888061319526166,10.032304295830441,209.00320997519566,55.017927605739594,7.620458257521072,23.8926596632541,6
17,206.1653874678006,204.9376286329906,200.15935789921755,26.322605053707857,24.47486338914301,29.177582631267807,60.23965121534863,10.556747719164285,207.67576367952887,59.13967264185692,9.792083401189783,24.48530723939362,6
18,210.768730223994,209.2632838151081,205.3870585220806,25.564355745752195,23.2719007308296,26.43201204375046,52.65171734687189,8.133119707776924,211.5957635400466,58.32051753736104,5.932731792725644,24.210543721678643,6
19,181.41831976262284,179.65230133246035,172.4537226002828,30.302011212596316,26.75726628686743,34.07578971159591,48.348398679380644,16.80596089685099,183.0291584534266,55.216857744650554,14.118577821234508,28.10539846208543,6
20,206.12135377916886,204.9023129840096,199.41059589299655,29.455700792313966,27.239426433800936,33.54612662089032,68.85199247941183,11.692782874169419,207.53568797622145,64.92603619370243,11.350854580645565,27.71329233693312,6
21,208.83016069624173,207.2148668470289,202.31243032693374,26.80322688574817,25.12645622472629,30.245630018178584,58.515794191466476,10.500472636005085,209.87579614720167,60.898583656300325,9.794344003370698,25.301913898855798,6
22,205.81731361742519,205.12399703353276,199.78607490113578,28.805154120963586,25.882474679571803,31.77205287829392,63.16104976616368,10.762890186658248,207.4150546050512,61.20382154335566,10.610472933701141,26.476688672385272,6
23,182.22206700374903,182.49300481228408,175.21229744564604,32.789304675607916,27.662671839706416,33.67269877699566,44.409230563872654,14.871037230186438,184.81459242876508,47.27664746115855,10.551300309052712,29.469251768727133,6
24,209.47229648023023,209.78828274419322,204.95658328638632,28.344005084287407,24.54743539267185,30.21609620730051,65.88373528345826,9.525927308088402,211.72788257626047,61.27106218970696,10.210604633156965,25.096051964953226,6
25,210.9231524922517,209.81271147885923,205.58489152378516,26.629646862382867,23.2756969597529,27.168953504362243,53.17869999146976,8.6526856037988,212.153778896187,58.983874781726236,6.132017570035243,24.438552118134456,6
26,215.36209565431193,214.73865442620226,210.5382052782674,27.62875401246819,23.972630720923807,28.13119633440085,54.83433644193109,8.164693924901911,216.8090549885895,59.32622710440815,5.944883183204495,25.14406953548918,6
27,213.52720637846198,212.93584099922654,208.99431023417316,29.80031237568045,25.846000348890545,30.316230432168876,61.937861010087715,8.578854476936495,215.20139631708,63.15602636737004,7.706059431923711,26.859979628220586,6
28,206.27121638375814,206.2868053287253,200.7639390842263,28.435805413577203,24.346326542258605,29.536259219342707,56.87439633887209,10.188382662325575,208.26659255903147,57.79611299869372,7.344027554604174,25.768106127057138,6
29,205.4376322641405,205.82341144534928,199.83656491791774,29.811563634578146,25.07347330098941,30.894529005558905,55.262059350359166,10.958336564917918,207.86253947149743,56.372840661775264,10.009534906346971,26.266880448675504,6
30,206.8687656052526,207.0892774575383,201.8875689713634,30.534673240000057,25.359533668418397,30.73533184798211,61.99676720816251,10.428959495699885,209.39433702721865,60.91635137211731,8.651194047646886,26.873227373531687,6
31,207.12225409836066,207.2416874554526,201.42035281539557,29.469862327162403,25.14620908394783,30.967448074028404,61.59961689237348,10.745212045616537,209.25072523164647,60.08761524270451,9.463591149188536,26.3468612148508,6
32,213.72478446572583,213.2866219276272,207.62246367100656,26.57322177853726,22.602715409319117,27.24954007745006,38.445067538081446,9.90226306692644,215.33482463464836,44.05776165119384,7.265129277619452,23.76019809015683,6
33,212.92056832904524,212.166728639722,207.4072179989762,24.714869801401168,21.233284474418813,24.542056033171473,47.989505154879836,8.833006237879822,214.31660449907707,52.19608263308886,5.864423815260314,22.460377835769943,6
34,210.65993508342794,209.6902906030921,205.12819657549477,27.78879812105659,23.918497136843932,28.099845422209924,49.38221387357654,9.153646290509462,212.14704734930498,56.61455052725649,6.384087237461284,25.51243117903135,6
35,215.0750755710275,213.45222556443997,210.64137859368302,28.58658777949937,25.433741500521045,28.867888008090762,62.80913977995795,7.463288903074242,216.23364019469398,66.3089822017179,5.236232419464139,26.75839125977214,6
36,213.2302556282433,211.17028443600515,207.16703787277763,28.172801623166773,24.77422770302135,29.283423714777015,57.09854790672268,9.59507699410839,214.46735553850357,64.63365431583662,6.469995940893706,26.118569800300865,6
37,209.31972277549693,206.82795883844622,201.1950061442155,24.72788184095441,22.09215669479067,27.175524837123387,40.33686560583841,11.61364453602574,210.1220056720646,52.52639602163724,7.7377124242920745,23.366247425820397,6
38,206.74348642073764,206.8800822788086,201.86983768530465,26.863401516866215,23.080383497133518,27.530273272938132,58.5658278394528,9.486522340076796,208.7861575297954,57.513110331012655,8.07485020515213,24.293870222450106,6
39,217.15181700036155,212.96581361944126,209.87980535279806,26.959556719792786,25.188279068495252,28.50824093463944,43.12721249963357,9.680432679623603,217.56795747466754,60.79684760531002,6.1609014514775104,26.21169003959367,6
40,209.32151972462776,208.39136320307622,204.26816837830515,28.196982882722523,24.761830405017804,29.473385547912606,62.15474182505558,8.682119276729942,210.63174492744244,63.74993780834476,6.486879024419695,26.088030263768903,6
41,207.71265008747125,206.34423685556982,201.5909363865034,27.44852209987929,25.51561742890794,31.366123754337078,65.15752022868138,10.407206956031532,208.79885751226283,60.92001002316599,8.794626612117346,26.310814824640655,6
42,205.74162009954867,205.46923953264815,200.03654479253717,33.31913189186849,28.643744283595222,34.27029905619807,60.87423999497546,11.273092376484463,208.0538358336808,62.24362779717121,9.017355725768192,30.195794661984664,6
43,215.8268628870711,214.2490046210767,210.62172452815807,24.465972049985787,21.487014039771246,24.72484077048298,49.99307252721034,8.201928955709572,217.00799451236787,57.01408814971641,5.748689366794276,22.47668247999646,6
44,206.46142085070832,205.8463024287455,200.2900907963795,26.81452028832848,22.905726718332392,27.181000152464005,49.924626056911364,10.74847327634984,208.3322182589586,53.684519900928095,6.881036494464238,24.31147487860341,6
45,199.12437382777108,200.40110790951528,193.5516434354273,26.78699581636621,21.684175854667476,27.185433171100872,55.40957246893877,11.999217454931033,202.19387871822386,53.06811361945515,8.895622655927125,23.10177244530238,6
46,207.35776490619222,207.4315300893679,201.98180462888286,28.42331864617878,24.142655444082877,29.255741924232513,62.36245936896644,10.106302596312862,209.297633013173,61.315120057316406,8.027176192457437,25.445550161559318,6
47,199.51018906925552,200.36779036686534,194.65908685489612,27.42341984130971,22.876871172117443,28.35848227497504,58.0241977751582,11.044309256320238,202.35056614113714,55.814892634029725,9.036033212147622,24.254150287943574,6
48,208.1942752419839,207.31149129489913,202.03213461923303,27.972685189443624,24.748583853804433,30.237072384686424,56.86006888246797,10.399922059592814,209.67049288530472,60.20312010864305,8.570075844342073,25.74667613546247,6
49,211.62692817630543,209.13627887643736,204.64365313938072,26.00764401935795,24.607175539436394,29.372665178967285,62.91798689275487,10.428955872712844,212.44476572729766,65.14865307097101,10.048142502862378,24.843724006066456,6
50,208.32805807904603,207.9734136645249,202.97391376336202,27.548978098579692,24.378468771787844,28.732057161472348,52.46148140764306,9.935904562219223,210.08271229280112,55.523967146082065,7.9855702235933625,25.1446647017402,6
51,209.75717093390386,208.27970408911477,203.75134847373866,27.83464198400862,25.137661915949916,29.75678986551825,60.81385370524758,9.997411867908166,211.11992125114256,62.999589646877226,8.71222741556683,25.765661976718278,6
52,216.3132222999632,212.15923021992685,208.1421799375347,26.966589569202174,23.997030274862336,28.023783592747492,39.13465236553012,11.196311230046813,217.08229549110266,57.004325782650405,6.177538094984678,25.39584846895031,6
53,206.28264851312767,206.49099693571975,200.3729925482276,29.109826123487803,25.99706223141174,32.451275841598125,66.30593181976461,10.924824152099728,208.13846542238318,61.60760283538768,10.429714121447821,26.581638331459903,6
54,208.53692425019855,208.2061593719029,203.5356819028474,29.62472773274955,26.860281504186606,31.63124741004237,63.85528322708071,9.403697872370335,210.24577039593453,61.97525371290665,7.5837857862255404,27.532038996197606,6
55,212.2609105779524,211.0189771454614,206.62919049923866,24.867185174128558,22.512686308933425,26.91369795026973,60.18675786342391,8.806137409866066,213.3004264249199,62.53847972966433,6.861532312505364,23.183875598810232,6
56,211.01399533958795,210.52197868496148,205.198170937144,27.141372535338252,23.287288734583427,27.867865984032036,46.288980021656656,9.838709626869298,212.71233786890357,50.83012607397469,7.599164763648112,24.43960711607539,6
57,212.1661586196058,211.33434164725506,207.07836373057478,25.237478153395962,22.67644875280439,26.542281288273404,55.54062120228987,8.280194567241935,213.3494694681611,58.0942171628226,6.9508586685620335,23.337944202361264,6
58,212.56032976299406,211.13022767640885,206.32585535640598,27.95313216970714,24.798197243907257,29.469008130704164,49.554037712829896,9.82996573191955,213.86541256257064,57.241190928597064,7.800160632830528,25.97378374009535,6
59,214.28741366792636,213.2360315931811,209.62633972316195,26.0741005707703,23.478385158084333,27.1295147550262,60.77488250714604,7.698089482422189,215.41705774538957,62.37452433154321,6.06266054921621,24.246258781371637,6
60,209.0263497900822,207.78904916881763,201.9110273742004,29.396502414718707,25.655733380985065,31.3486965257569,52.412007182382446,11.510547685436972,210.44524440530967,59.30432217553047,8.792743292755086,26.805022436951024,6
61,208.473804104201,208.1139949242563,203.01686158569024,25.334136084742465,22.318900061417768,27.628220979431248,60.55670791798575,9.68588995578347,210.10589117675275,59.74850511355646,8.71017295210496,23.15470552256318,6
62,208.36831875773802,208.27417131447496,203.3368683504376,27.12120048686626,23.62917453890218,28.662577093906343,59.365186731442016,9.224646255695955,210.06108050626148,60.19870064318539,8.230649275172842,24.753662897131843,6
63,210.90178057135927,210.59611076865036,206.64973001741498,29.436226733855737,25.754693188997226,30.101162795983328,69.65757349151652,8.150888769869741,212.5595561708621,64.70867033661973,6.176951148983332,26.998479329569456,6
64,204.65453768873905,205.14098725154756,198.41657919807585,27.57631147977501,24.26661322098393,30.078134565997466,51.69744197916809,11.136919015444454,206.57003167044562,52.70487203015333,9.983021955902117,24.850689893534202,6
65,205.84232003438052,205.4679926304216,200.5089970947376,27.10740466366211,23.98912966600249,28.529526149094927,53.923435557537886,9.406498135236372,207.30791172232037,56.59989994918289,7.544334546584088,24.827205206998887,6
66,207.32566398297243,207.20414584490098,202.28788693781232,26.450865517443273,22.800263990487473,26.85672395847939,53.441910165648714,9.119178581343698,209.0984753840459,54.66779378166486,6.767986334949637,23.925092095958718,6
67,207.96891070251263,206.8461541279027,203.4121328107831,28.718787340295755,25.76231638114244,30.539950556514903,73.52782396894,8.562297633872976,209.3365138085122,66.15186062359209,7.086830624844324,26.87786999044414,6
68,209.64496863219563,209.49511754828612,203.60831128628132,28.41133533728168,24.238636212113462,30.445263725684026,57.688753989918176,10.827782612273628,211.62588531097288,59.768109724702875,9.732792771486904,25.297334842721735,6
69,204.83406975606522,204.77687338052752,199.53027644257324,27.55161057547438,24.015352634412483,28.866374795744747,56.5619668167917,9.711073483416286,206.52758902561806,56.53883191226773,7.851962831134722,25.127318955443908,6
70,209.88036233529382,209.6479663959101,205.70916495154947,29.3864267008262,25.439530798787388,30.435041855151887,70.61657792003281,8.366114655279754,211.64770638170086,64.74793294948758,6.894828552221128,26.688296718751587,6
71,210.69319029084895,209.6671631713075,205.52925663369854,26.1974721551008,23.000219669436014,26.920620354850897,53.75883278405064,8.729057585043872,212.07780992864073,58.86549952574168,6.00897856025883,24.07938243130121,6
72,209.30977054357263,207.98172487935068,202.3672752551408,25.427651912006425,22.551059384283587,27.71061888680707,57.222440164393994,10.86760449725515,210.53707161408983,61.21536783537706,8.412405859702933,23.34536486577069,6
73,204.61792941054702,204.63246612105485,198.26158870627899,27.926158912484564,24.494705134118192,31.09667651212751,57.17023754075454,11.545365996111222,206.5495024434242,57.635447748808275,10.830822041445037,25.282425505231572,6
74,208.7757840034301,207.70920664741683,201.2655639825435,26.409997399530567,23.20701011195699,28.3828079095831,48.0708418507587,11.994009781473554,210.25854010884512,53.352569551998776,9.452753313309406,23.928346950430406,6
75,206.2587316805917,204.81278469054115,201.22802987999538,27.45921858084724,24.351935540022154,28.32639737670031,61.50687998482821,8.827635132524874,207.49416131966467,63.57061644819608,6.286299943626027,25.75903826149605,6
76,204.47555876174556,203.01325188606793,197.52634142347307,27.417120691749254,25.221468007436222,30.138059303923697,50.399308535869174,11.17307779183231,205.61820959071196,56.288745467355035,8.69569736849915,25.680238306889343,6
77,203.874816574815,203.405091346105,197.91987349286546,28.855640814004342,25.549191170771483,31.17507104153984,61.98292531057095,10.594763510326239,205.46543333338172,61.746299695605266,9.20262936287715,26.51694321105657,6
78,204.42893339292522,203.5199265836762,197.17639799929015,27.51770487202441,24.717568223924083,29.512806675522352,48.49100370696568,11.918387601382882,205.9962355237732,50.588011843921,9.707440139463777,25.688883841064904,6
79,205.2709395041914,204.60161869928575,199.3280064070183,26.785165847436996,24.288789317191487,29.31477674710274,53.337687271006644,9.833161754832439,206.47624064044606,56.83750605466261,7.8546926377792365,25.239898391906046,6
80,212.33583797117333,211.72590146829432,206.77748697057285,28.449888078697178,25.371528622852985,31.124476367194962,68.4971945371818,9.82191044577535,213.87032897005815,63.052302387123135,8.776597676437822,26.150478658624653,6
81,213.7416089399493,212.7592217870937,208.4962030307647,28.269576164206555,25.005221102602164,29.66997689397928,63.37920225111794,8.952912921524524,215.12542992588874,63.78992847812836,7.474083458040715,25.993879398641248,6
82,216.47339367617812,212.02310887418653,208.0168716429219,26.02053009084567,22.46006304728062,26.118785166534852,38.6611600438365,11.416600708960777,217.32833915114125,55.002297320986656,6.106337803603646,24.39340869602525,6
83,207.77660295984558,208.35776104435132,202.22422211787983,31.4473267435831,26.597992875777425,33.02287757014913,57.946424051305534,11.366483294591394,210.4402069843699,58.564377117743575,10.594987703315836,27.461820924443106,6
84,209.5686561445003,204.01992560929685,200.11521640030918,23.734237541321754,22.999945337843187,27.675969560827085,56.49175492029096,13.258714150750183,210.01613505282003,67.18387529879556,9.832534583685128,23.06968273982803,6
85,206.78625691511354,202.0680821387262,196.3436674046277,25.227877019866103,23.519174750965686,29.07913063707926,45.064941879026726,14.24359648709615,207.0930995409987,59.675107678362274,10.648816850112144,24.689858146658487,6
86,208.8399775100885,205.77141336683002,202.10205831581402,27.621963911735953,24.59764800570533,28.738804625681915,63.66848253271004,10.949181449959946,210.12143235914658,66.89363331847541,7.031268509880788,26.010793338954173,6
87,209.8120356793545,205.0506954740078,200.1265344449634,28.207160413755055,27.405667801608725,32.75735056566397,59.60965249897066,13.429288186787703,210.02471060567348,69.10872883430467,9.51873987046368,27.920989870433136,6
88,208.7930869366239,203.9706891875858,199.7917690730037,27.26458956893104,24.986124844600763,30.270473425009815,61.24586843398817,12.856731415721704,209.30472170901345,70.61170521964138,8.468320915228484,26.360056145305514,6
89,202.5325796784726,202.09725648256594,194.53845046554082,30.587119874082884,28.24597783486615,36.15904662626996,63.54405462171128,14.650495966185314,204.65653687358096,58.486836416629544,14.75840351709403,28.42430584870538,6
90,207.43293241823343,206.58397979030204,200.7646654445463,30.207026093779398,25.500699537392297,31.91292857473161,54.5360618661182,11.864093134515214,209.43636776881058,60.76090872194849,10.210774580847684,26.860926178011162,6
91,210.06773254642343,204.45752456318965,198.4009070024585,26.545630130435008,25.478080919602736,30.727858923955957,32.769976045742645,15.842951543008143,210.64272759611055,49.3259757091201,12.26948042234822,25.63378597230534,6
92,204.79383952968453,204.27250295452663,199.58912282550602,27.16615374055209,23.776225144941233,28.43335157148578,55.934907073550775,9.559598636024901,206.45722071254903,56.49189257196217,7.136855148234139,25.02098358819388,6
93,200.35457735637874,202.25682831447753,194.93280975976512,31.79887156881326,26.394980683066336,33.652227975637956,66.20252159018035,13.30075372140375,204.11614726059437,58.27831788643377,12.562531683291311,27.24655442836504,6
94,200.1297423915224,201.4372480066713,193.7313815036405,30.527151776700048,25.281657047617088,31.360584800363483,49.627195415048995,13.797089563100112,203.47607415536754,50.31487897873074,9.613487899372084,26.548407934168694,6
95,210.12671053239947,209.24583836216175,204.0481635542404,25.278242308612757,21.5448535499525,25.566475168314508,40.8696176921225,9.812028372955453,211.61463735836242,47.66163697150821,7.488069392832094,22.879676963605075,6
96,202.36185401537287,198.24014173667788,192.2249256839498,26.83097496612152,23.85732696329547,29.607576039572997,40.92670903853826,15.006812400690926,203.27114577015413,56.521412304593376,9.892591615841527,25.159318682055005,6
97,208.52415717324857,204.882939427329,197.5755615386366,31.653721197867604,28.82325049255539,34.99748651848936,38.19497376563251,15.702682077488785,209.32485898776443,52.336890176961475,10.500983832231,30.28564438991611,6
98,207.03465996709704,205.85362579853785,201.20838711380176,28.734450017721297,25.941904548366114,29.44664699007483,52.81434332948334,9.390789935061262,208.16241094017266,57.736102060868255,6.464588310544564,27.09211883335748,6
99,211.69512203039884,210.9997191904895,205.8697952849973,27.585452318249125,24.34401220415366,29.30331868858864,52.95934754802979,9.45045578792227,212.9554113453535,57.524435833216415,7.674344244109012,25.209761776272448,6
100,204.61983395834625,204.22466566974524,196.6522694167235,29.650468511394873,24.153521043176916,32.00869593592596,60.94029899894626,15.328772934358147,207.74609496063968,59.966814920452606,13.837521729367483,25.218979521931423,6
101,204.98887162430603,206.6648008436765,200.32518361819896,31.200697353855954,25.4062693214428,32.137577165027594,63.7486214334596,11.258766975973108,208.2481752583967,59.47140554233357,10.830718020106266,26.483138245299187,6
102,200.80452797782002,202.52346815114475,195.62559722052694,32.65839596531728,26.222056829325126,32.27546953415953,51.62577159148372,13.553514446633768,204.96423869640273,52.043496847292,10.551139912647539,27.775913396840743,6
103,206.10468231856424,206.85345232584353,202.2453446130707,29.755159252669813,25.33965513991252,31.4345770852268,75.29137275619901,9.482449694631399,208.6734870530252,60.93534309189311,8.717579193920631,26.533336924090978,6
104,205.23712275966275,204.8257167062137,198.86767753079718,27.399533203450893,23.01477574416141,28.80807108433701,52.0265869857814,11.84903235034162,207.5900279090919,55.652349663616775,9.609365437160475,24.028495676036542,6
105,205.6476484210438,207.18937423836982,200.87760315246842,33.472309967221705,27.383895360037435,34.36684868030911,65.12838100981168,11.866792715151362,209.0158691273341,60.46529457730663,11.152005803273015,28.577931920887433,6
106,210.90567832781952,211.19390603778376,206.20865449395274,29.311380481077467,25.42651796182843,31.163982467618197,66.05189080287823,9.258722187902908,212.88190472910583,61.73184181266656,9.369132558369206,26.13686191170479,6
107,208.24381131587901,208.06835349974796,202.52118701900417,27.717628798885382,23.75330594908548,29.04079462696745,50.862164724637,10.101761384212509,210.0515585675264,55.199195369669845,8.271410360260909,24.97623683385269,6
108,202.99701948003283,203.94019358967213,195.8552458880931,29.67248594085454,25.307865975533275,33.356219277838946,61.3914397006797,13.977264647497305,205.7722948082071,57.96786079842448,13.773321345273798,26.047001244456286,6
109,208.2175368921861,207.06893395693896,201.2023223933554,28.518220961226756,25.057282687408716,31.136769085613313,60.300794290783,12.057735263285219,209.92879808079994,60.12810568270536,12.06655413658515,26.05014541691991,6
110,204.7972204028567,205.15928987705024,199.54589619978796,28.417387949732966,23.898823165163687,29.203380066458628,58.497107700538336,10.586061889897898,207.23508759507413,58.270416423706564,7.76472732559934,25.292019845641317,6
111,202.2802455500064,203.08009828403124,196.43110673581765,30.98027730626788,26.866414368690254,33.59141686140898,62.58186867716737,11.887127032910744,204.76667306953516,57.92521724359391,10.970572261697813,27.70891070477921,6
112,206.5363492269341,204.36536261329414,200.29632271358378,27.60289588640262,25.46471610743994,29.908606728348655,59.13720514704823,9.974689837029352,207.4527298664246,63.43175409051128,7.010730755142559,26.434116089107178,6
113,212.42968126033298,206.85372302671482,203.5330217965796,26.585512395602525,24.44700462000723,28.487571076438364,55.08852844051431,11.887800884137292,212.69598065967597,69.76676794879191,6.060276104453176,26.04536410897869,6
114,205.50604137487352,206.6417695900711,199.89269104214554,31.498399005206156,26.42645551293035,33.08678196431647,56.867723041663034,11.79147874628906,208.2624731103531,55.13691709921471,11.03007041560405,27.402722078417135,6
115,206.44170212250876,207.3688053146441,200.1388698916857,30.907243668611134,25.951105347431856,32.935397251691946,53.27618436634408,12.410525190291454,209.18764663991593,53.31420852112243,11.570738300427758,27.06911922640708,6
116,212.41898537261494,211.6216325311864,207.68186727712407,27.560376613883758,23.941566061057692,28.356078648945434,62.720905585537764,8.32154811407001,213.91150948125866,63.54175058931856,6.584680851899392,25.16953155289211,6
117,209.30868815912868,209.15867828762276,204.55065727776773,30.479153992862663,26.54691067716501,32.15535182818432,73.50001850907356,9.558930833648674,211.31463779799608,66.06188134839014,8.394414873479905,27.62361171234977,6
118,207.9134076699753,208.41395332369763,202.43600231590435,30.120070243953236,25.32314262151774,31.500332144709844,57.24727069006452,11.018562639797734,210.43954698245162,58.09609629180405,9.771080273104651,26.570150114667968,6
119,207.49617316543964,202.89267931722122,198.0734372844368,26.907208202253173,22.635426521119552,27.33054956431626,44.03131388509149,14.258909422698256,208.91081484454367,56.870562709115895,9.879765688374217,24.09396310355954,6
120,206.1939374002195,200.08031705248453,194.83491319097985,29.945225612277298,29.663404706909212,35.505983147085466,54.6283083466374,16.762597285970863,206.89399882757934,66.901082969292,13.853347269775462,28.930601918754807,6
121,206.5767980160681,202.98562613960956,196.4705848491826,28.38201923587498,25.515314084665913,30.96074961869287,37.73795669950402,15.696767398298597,208.1585356367189,49.147007436730846,10.389381205921344,25.923076644690138,6
122,200.5682660756579,199.51621470387857,192.00597432763456,35.0171729827049,31.22704704295852,38.9747262967283,58.457573652099384,16.25633145177514,203.10861138300444,60.89987322254571,15.521130738940938,31.472042467789517,6
123,202.3662616436635,201.52552931181984,195.0368798272221,28.15348609679689,25.28680894211936,31.90079367530495,51.300603944936014,12.772865552703843,204.04016727390203,54.39144419771762,13.302448829863991,25.553817013914195,6
124,212.13285008297797,206.30395274457493,203.11251129130517,24.224773661600686,23.35198506606397,26.606673243773493,52.5647333151272,11.848840934394891,212.30541142364976,67.81597196217864,8.080318079202554,23.942870277827577,6
125,211.42759532899788,206.7767479856725,200.9331152837531,24.980263503876053,23.972563800419564,28.81578827965077,42.16264056611148,14.217694508859669,211.97343708569684,56.63846062374155,9.845619726254764,24.13409628925802,6
126,215.05095082168828,208.92336392565605,203.79059631969747,25.92076957701737,24.66176016651465,29.422639429248143,39.916266199326664,14.767698196743993,215.4571799720211,58.04007274376156,10.046446034167083,25.09122766212558,6
127,208.88608370011076,206.69368630981288,199.5648097140192,25.7832869892015,23.100766706964876,29.861780460941784,51.0185516114853,13.847746262325353,209.94055806472045,56.250488727513,11.988152349799677,24.244358497251984,6
128,208.80272395598647,208.23390736514673,202.072285128712,24.90704262966471,21.757516820261362,27.633408588710235,60.8796677180691,11.047925418259517,210.36700909923397,59.992284787623596,10.31254256827577,22.62474771926846,6
129,207.34022694698052,207.88219439869533,200.46772688146464,27.813658231172965,23.57292872795757,30.200799748752395,46.97681947655842,13.591283768392321,210.11206036330063,44.28713421318312,12.548203378023299,24.455716583254294,6
130,205.70892802223463,206.03247105815706,197.83880655951825,28.46164368915232,23.744883430291576,30.17119458378783,47.24472136475645,14.041420343011623,208.48407581642766,48.16807018634238,11.836858343551793,24.991863556874254,6
131,208.6435976245051,208.90932405789667,203.89597592447146,28.977519848302354,24.96343794324217,30.81822021975308,65.75908041739466,9.952345841281035,210.95795999166492,61.07440656287055,9.591707184742658,25.832243474324166,6
132,213.6432050584797,212.82285957897798,208.5397066352703,25.405629174036296,22.93822966683323,27.369069401867076,61.193434255900264,8.19976333199859,214.65952877568137,61.83462536927406,6.364439212935403,23.83273550557348,6
133,216.03284344113015,215.32902928957287,210.2848812361147,25.69944278130742,21.631775301842158,25.51226797059329,39.35262420249733,9.566039188809357,217.9485574683213,44.255145935964244,6.459437807808384,22.622046294828063,6
134,208.9431497780572,209.027066544741,204.0937398792174,31.486706927950806,26.680494903127812,32.66473214353258,70.48941485206988,10.134439713474691,211.3600283858185,65.55742122792662,8.855918920829826,28.0721016328849,6
135,210.90581437626608,207.69423792320933,203.19690573377775,25.759824882253195,23.057766003245796,27.417723268979987,47.882865294820384,11.336308910791782,211.90732425495636,60.89231945113948,7.24944930595549,23.869055877675923,6
136,205.39195967192802,205.82771344816936,200.1628186302399,27.403641726961716,23.98381068867157,30.02380444822277,68.98479930787722,10.295754245844464,207.46936291110595,60.26228994348521,8.257160085755112,25.00308091489629,6
137,204.33829093114798,204.15263875961085,198.76848898611811,30.247131796271226,26.855200320294514,32.57867601101109,64.58598624016146,10.700695278047466,206.2665900409662,61.644572246507074,8.706362072258269,27.9293554803079,6
138,211.7865285437588,207.82772427794674,202.74589287242236,24.372194509467715,21.718933666162304,26.365333891652956,39.888880029870016,12.460155806373827,212.54919996577394,54.79937987574552,6.983742163424159,23.306062023686923,6
139,207.92578140291593,206.01429629502042,201.0867955786398,28.30914198385463,24.29026008673838,29.457016852205342,53.49489295003187,11.47790337708866,209.5778239880243,60.869734296192696,8.744744046113409,25.49530518651366,6
140,205.76507344147896,206.4199635606455,201.10654466283046,30.776689972700098,26.35459682893259,32.364258671042876,75.70479198615585,10.068534828425511,208.19307933649424,63.782674489937015,10.127197219567892,27.28507767245603,6
141,208.74814975000652,208.90653301367973,203.86852132867523,31.146083506342737,26.848945488267848,32.70364793678886,64.96400541372894,9.703214308351384,210.72586472388863,62.83558978403921,8.923331465159913,28.00284408753194,6
142,209.6435056319599,209.65148096296906,205.59304217336006,27.830925224305265,25.107581274899697,29.90276758357414,70.64473725145717,8.175592705445295,211.27262894946335,62.3622836858608,7.6058382797968855,25.73650325432827,6
143,204.08884635264937,204.5968033285419,196.68684418646703,33.42571342830853,28.257094147253618,37.05329426609987,60.513924022889206,14.952692842283295,207.1835191148241,59.46629317183188,15.576891280203416,28.940767011840464,6
144,208.10153234414759,205.82334114091933,200.39121570690693,27.699059853541094,24.84745900569086,30.047890390591913,55.5570316333706,11.840124921376091,209.2067290261765,62.66762488003234,8.806111097171039,25.976637228690986,6
145,208.14330219222535,208.12728835283048,203.4275135763871,27.682858851088334,23.2146070191654,28.065636386683178,69.80475747719981,10.07344769849678,210.63378946042658,63.144773222002506,7.805869128306971,24.535706895148238,6
146,215.78294346251957,211.89394238965906,207.5327125220001,24.26523422632025,21.95898390723401,26.545272933767585,46.771417504805186,11.21398381309538,216.35788811782666,61.802307716585304,7.270402817840567,23.183011715422687,6
147,201.0911171631629,198.65300602510771,189.12783114775505,30.993816749108117,26.62164631306724,35.101243124037055,41.93392154302449,19.322076517002742,203.14550728422466,50.49111584123473,14.56179405426645,28.083229532545275,6
148,205.54861944777912,204.0128074384602,199.0559118003207,30.12363733722018,26.473405993807088,32.13373191291451,55.190699145070475,11.099509557802861,206.9712822900506,60.27346459962702,9.338938881772044,27.79446527073624,6
149,205.36522160535287,202.12778207602514,193.37359780307602,30.895743022885846,26.311964541456167,33.26631689832954,29.025215313852353,18.376289545056498,207.1490932587422,35.4362979434031,11.697802261501982,28.482534723367134,6
150,201.62162425697088,201.86907873764744,195.62031165032158,32.984649382416706,27.7519141294915,34.41304882493192,60.30075568639952,12.708805715464381,204.43684861895028,59.6816618636199,10.717121430653885,29.112867749311935,6
151,207.4742591410836,205.4721456033669,200.1954738912827,28.10244800400736,24.95305945808863,29.725947622355104,46.10491479924688,11.048497977438018,208.49897026016424,57.16405260651341,7.139352854516443,26.296875192070846,6
152,206.6709335107514,204.02470789814257,198.71245055686188,29.86471214014775,26.97676666860818,32.681367798797126,51.041166159323865,12.415217549807696,207.8000795950979,62.09839108744968,9.190269384815936,28.074735268569636,6
153,211.08155367990187,209.99018354150186,206.07358352263242,28.659139274609743,25.94367320798533,30.280682822645336,56.16065723678958,8.210775896479399,212.1499060157197,61.94974543673778,6.689447615695742,27.042672696707385,6
154,212.83891144366382,210.2017965485985,205.24504151892228,26.137601117407698,23.166130428220363,27.850996203532908,41.467474239514345,11.419499133503043,214.08404325886207,54.82260787365377,8.025891859759946,23.91893133125549,6
155,208.05186530094892,207.1662995443801,202.14739303209893,26.61763324128237,24.577801873665166,29.41618659831414,56.30204857661608,10.234133808365591,209.5841423726491,57.38712278119791,9.259495188268218,24.662263631351802,6
156,212.81896667975224,207.89601619413787,202.34736485656322,27.407373656591982,25.126360312608405,30.49749292143035,38.413142304038644,14.160819116514485,213.37957932400562,55.62776208979611,11.045891012991452,26.328927576122712,6
157,208.6715142348168,206.84580119304294,201.80129538307295,25.240454054422774,20.80607728421237,25.6991907755249,56.89055331313128,11.099344502861188,210.25647995087675,60.64247592776427,7.615555732203395,22.84337844568512,6
158,209.81251431756093,205.23319246562932,199.02228239871715,23.731498184920657,23.31266243046455,28.26397669831433,36.14706485726887,14.748640045405901,210.36349509185465,49.748227707096085,10.666865244298984,22.969872206338113,6
159,204.74586296408444,200.31883178160803,195.44418492528493,26.599437153300684,23.001232643540764,27.45619747048682,48.28547679173563,13.18931440884998,205.46680669922006,61.578229797532686,6.027378798664147,25.463902866082822,6
160,212.10789709612,206.59193702267203,202.75799921374224,26.12356857644587,23.90761180231563,28.080210639480523,43.4234357545917,12.310568215051083,212.36980482589664,63.05088380043457,6.2344833823969035,25.549889220322644,6
161,209.0811051735001,208.2000046671178,203.8826079854386,29.048226660008588,25.645090341195683,29.913317539064646,55.9093832403799,8.970461811308427,210.52035719008393,60.24787964610263,6.065318090499249,26.922799774834303,6
162,208.25788019962778,206.75995556300688,201.1683847051392,30.464081224320687,27.030717976875536,32.28699884335882,48.15799349363843,11.256669359304588,209.55766902230147,57.06663009390707,8.060344003500665,28.40628366147575,6
163,182.85200035581943,199.33479290113664,183.17023437614097,30.462750906191996,20.348570836772762,29.03878353603356,54.409307864804546,26.700808958152713,199.33699154663293,20.151420470483814,17.72814993627485,20.350096762364842,6
164,202.07435214337613,205.4466915141063,196.1170847549092,23.092478798112325,18.72175689649197,26.265929996813885,33.53883238706091,13.325512295581587,205.7383541849189,18.849648168362002,13.280649364483894,18.661560020638536,6
165,194.29956838223504,199.0541362834696,189.66190668590667,25.224166715791146,20.744912718989195,26.77236577992642,38.37255860189194,13.288341189674522,199.10149238415906,16.681110129036917,10.903879746466604,20.772755597215156,6
166,189.40854109824937,198.11980669130452,179.07460118173802,25.934712126191883,20.367927514195824,30.17940597229106,40.63879803711312,26.148889708522535,198.12555661130884,12.601831397192539,16.37679952980846,20.36761897057483,6
167,211.06757268897485,210.1777875015791,205.6946760967197,29.339329239677454,26.84168791659448,32.12759962444022,66.45160079604977,9.208029337400243,212.3953536910675,64.51228982769588,10.038388780682425,27.53287060846861,6
168,214.6322719153199,209.2441522938216,205.03284129723727,25.83807139837941,24.55621169215123,28.242264980485547,38.742491219388555,12.300877759405212,214.84717964346493,58.195461380832676,8.901234350704195,25.39208677068911,6
169,208.70575290610648,205.22636061684796,201.07653562880157,28.303838402750188,26.007759078891645,30.89133245860536,55.099726308829766,11.203841040622352,209.36445760482627,65.8300362024963,8.85648465312108,27.151945615760653,6
170,213.34835079498595,212.15414991331562,207.9791106080824,27.078223204135444,24.666337807393997,28.083666466864756,46.18919652910202,8.094574776829951,214.2165611921193,53.644648734398565,5.862639785349992,25.68476347393293,6
171,217.61107848035607,216.08877048586348,212.70634036759182,26.438006223326365,23.57096390546943,27.784301770481424,67.8199971013719,7.667702799083118,218.5488151857601,69.180235878928,5.845894559567767,24.657447077619974,6
172,219.7045557488814,213.72106923127066,210.57969008806634,24.998866731316653,24.725996969010406,28.622986176483355,55.018731436957104,11.70146030663598,219.87373203030592,70.96893077485831,9.35421543336764,24.652795828667944,6
173,210.77849487902628,209.9129761021226,205.9494473306615,30.59620350539195,27.102474653582842,31.68098272209258,65.90945722626293,9.308720993518381,212.49671762901392,65.0316240043603,8.597482112276017,27.984599103077173,6
174,209.48211598074937,208.35002294795302,202.83884639742777,28.783879874979934,26.223054703365406,31.205843211599955,50.36195716553038,10.519436531602793,210.66460861561026,55.35890745083657,8.446760324267629,27.008876661758922,6
175,215.26787937904697,213.93262113287952,210.3792199346948,26.312775615881286,23.876564395517015,27.863703334885425,62.088862485472355,7.5300082323316175,216.05088826166363,64.95043519993246,6.626084958723698,24.760236157013452,6
176,213.09839760123808,207.94616971885478,203.30655306938354,25.87672420477626,24.59476543125799,29.397674560093368,47.47550457828218,13.208734201702347,213.4656241939644,63.67535723058178,8.704349270234648,25.116559428698103,6
177,207.16956563623907,202.1937564223326,198.91561723968144,27.504966997210037,26.346231785020176,30.09566988847214,58.05515579508477,11.5922059642062,207.49958923831136,68.92863047548472,7.689478156198926,26.979546387136736,6
178,210.86820009910818,209.9423665728919,205.8548531163931,27.961602051360025,25.832017715072205,29.99389482510241,61.24985669702567,8.001592255270365,211.75067457253772,62.54022659251191,6.5569645252677144,26.720089578602547,6
179,217.08217454271983,215.4043909322075,211.74423210808678,26.64974001346572,23.788646368750122,28.160177479391812,64.1258064996519,8.244336352704217,218.05876418006025,66.99852398080434,6.496516701237914,24.934706858659524,6
180,211.84087399029858,206.49166613460156,202.20512577156632,26.671436776116284,25.80996299660571,30.384651903405167,46.74727827120826,13.34593953784536,212.41092798484217,63.35587999011571,10.522764121566542,25.65375583593066,6
181,219.45980277534431,218.5922666831672,214.93067989747965,25.977219870316954,23.604852622021642,27.465768123438618,54.954842848815055,7.177767609693188,220.47703876428463,59.96967840644461,6.47645783049701,24.093791704651263,6
182,212.1128552023161,208.0289691414772,203.2847189253715,27.572920558658534,25.752422474635924,31.452963684975177,55.61697287358845,12.681553491307747,212.66133697397126,65.40709541461561,8.992936380413509,26.684825891134857,6
183,215.01064937725687,214.18974458567735,210.0500392682448,29.07876388467599,26.112938897805478,31.09470171215671,61.52850148963233,8.420520218877781,216.31718284489898,64.84745098082547,8.290877298885146,26.95574784789522,6
184,210.2991656602493,204.82793341068933,199.52213092108897,29.727690681383365,29.362850274498218,35.06745126820312,46.71513099213021,14.941031045016459,210.65675246868267,63.05429712408416,12.823996590620416,29.13547620526644,6
185,210.96785174108535,206.33597991569806,200.90384503259926,28.943538603552245,27.478555474335977,32.77502897411753,38.60686762400925,13.691740605204222,211.37718771757136,55.799854249031654,11.362213142914433,28.212070312053008,6
186,215.5889126262205,214.2043995660519,210.4258466160394,27.597989438074602,25.196274937407484,29.12956616052665,59.84578986898106,7.8862004506384045,216.40682967537344,63.73299041983177,6.145550752410067,26.192616505370886,6
187,217.2504216507422,215.99777098224155,212.4039373173188,24.08907962034824,21.22237877420941,24.188430966498505,50.71508076863246,7.452617509558781,218.26481304087966,57.92922116994587,5.072262134363395,22.283931789958,6
188,215.3857635333605,209.65435720244002,206.10587905071773,25.665269690974416,25.571746009390548,30.181795571207243,63.56962470695674,12.281985696721474,215.45494546331474,73.44130414080661,9.386898685011845,25.540804116367305,6
189,217.3928368255067,214.06391220379737,209.91904515554148,26.36299284839681,23.305149549845872,26.802573580281646,33.595025102776866,10.41324675468134,218.33926950643172,47.452801824760606,6.841142194344722,24.641653380703875,6
190,210.2557628081193,208.90346264026516,202.81828493041212,28.659144705243357,26.24063078228346,31.805175975651064,49.2981919892523,11.968183226857919,211.59754810271352,53.23327805111096,10.1012514880519,27.112915596174574,6
191,219.90157625368195,217.77041904256475,213.93054900665666,27.87585362306996,24.740898981131505,29.08415061210132,57.334544906144465,9.02770518310085,220.97152740260807,65.28578725472227,6.680507915964448,25.793877911642564,6
192,210.14617048162629,206.9566239515575,201.41519594955602,29.85627891067317,27.443256783847602,33.28445721212645,51.71802769838779,12.652525166860313,210.90440918304174,62.72533836746287,11.276117574974927,28.578930437714224,6
193,209.00729090184834,203.22409287051676,199.72979526348152,26.814861700582565,25.399211696087434,27.798701805289106,36.99810406017041,12.265713330011506,209.36038540598236,55.38800529057867,8.280852179477737,26.282295429447625,6
194,215.8351703086505,214.1728987039325,209.8553406098669,26.650168083163145,24.255261428559024,28.045690511092804,47.63946069794654,8.760467636970262,216.69200518010683,56.46607092228843,6.256952677936375,25.192041569103996,6
195,215.20412629126244,214.20984224131158,210.63677753016538,26.59530585585598,24.186009986671866,27.346050042261073,55.25102084223556,7.716289212126322,216.36410391033834,59.19459533540545,6.1293149156072975,25.024795173673294,6
196,216.89439978605924,213.08095927260143,208.8076342242288,24.29043545728878,24.004106224228046,28.0327924315636,47.15663924239802,10.564347402035583,217.09774890276708,61.30580491223596,8.211600341518334,23.947461990782344,6
197,218.00936357133503,217.68240829362162,217.53958511742246,27.869689657672314,25.427999009241113,27.422501555225427,98.80744330374684,3.9778151666884956,219.4342625709018,66.89987272921209,4.887625382776015,25.902175756600204,6
198,211.62302945604048,209.663371777807,204.2562080167586,26.595585371230708,24.784763340460067,29.42961883443534,48.239936948502525,10.687290868612674,212.38804001140483,54.87689737179981,8.772654363768408,25.573706638963433,6
